date,johansen_rank,eigenvalue,hedge_ratio,half_life,zscore
2022-06-27,0,0.05706987666969976,0.43809571965870725,29.322033101570643,1.7330230148148824
2022-06-28,0,0.054648197114656585,0.4313745945802309,37.908181154497136,1.8972445687315522
2022-06-29,0,0.05256875590243049,0.4261424720638961,53.75692255392666,2.1687678209479415
2022-06-30,0,0.05359339737877635,0.4205673515279112,33.48131464310646,1.640640307853037
2022-07-01,0,0.05862535784824362,0.4157093128399053,26.225318491735827,1.2551502249145259
2022-07-05,0,0.05259192459479555,0.41049873877987,27.582460912722812,1.486424278618165
2022-07-06,0,0.058004970401152565,0.40409121771452117,26.281507007274772,1.1836119492755592
2022-07-07,0,0.06180085897184188,0.3993378990100228,24.151291088338187,0.9788500038111362
2022-07-08,0,0.05822703956287513,0.39407847602708906,25.61708247130132,1.2940060406217018
2022-07-11,0,0.05998375639864607,0.3877632314831588,26.190069736307752,1.3462812222327492
2022-07-12,0,0.06346914591940855,0.3814578047220646,26.764300536343963,1.3117863345845324
2022-07-13,0,0.06725528661018852,0.3754555439240306,25.708965505944075,1.2307306409783396
2022-07-14,0,0.07264283738148197,0.3687169387914237,26.513986250451353,1.328446563523538
2022-07-15,0,0.07459907889727804,0.3621918670442111,23.103557042147763,1.0770779408253046
2022-07-18,0,0.064195082320093,0.35434625481471116,23.747056574913078,1.197286454052584
2022-07-19,0,0.06516361824979859,0.3465407206331111,24.518489243786377,1.3370063788701114
2022-07-20,0,0.05913365130096437,0.3403495334380028,23.80335738005225,1.3966463527939599
2022-07-21,0,0.07598168073540516,0.3333902855637082,23.554455651593035,1.42716379040873
2022-07-22,0,0.07544616687981917,0.3267783151738616,22.623834414820667,1.1570578542241503
2022-07-25,0,0.07969478879133932,0.3206428099582747,21.87514906155487,1.064823250328749
2022-07-26,0,0.07734651742819175,0.3150977851575536,27.044494398327064,1.356241565221501
2022-07-27,0,0.08017156526132346,0.3131924556008223,27.201389255571318,1.3337366296431898
2022-07-28,0,0.08090512700025228,0.3108295232886805,30.915954036135975,1.5775007983169809
2022-07-29,0,0.07634104610218709,0.3078020803716948,34.02654669942219,1.6860550235386438
2022-08-01,0,0.05864131193889109,0.3111667457515739,36.44453556026063,1.703106549249585
2022-08-02,0,0.06116133884054155,0.31303079314337173,31.081795936287275,1.3903696249707072
2022-08-03,0,0.06760278276256065,0.3127827549227365,31.073518639007254,1.3682985973854986
2022-08-04,0,0.06689743430298983,0.3104409557678399,25.864708088615565,0.9819146520504498
2022-08-05,0,0.07438647503057128,0.3071976525943787,22.73186469047877,0.47342171658594145
2022-08-08,0,0.0759460314997121,0.305513157039812,22.757103999197135,0.5648613285359033
2022-08-09,0,0.07910383959099665,0.30262205754615346,22.607893273486077,0.6636251160535219
2022-08-10,0,0.085060150105246,0.29860929356680743,23.232403672549207,0.8524943504797178
2022-08-11,0,0.08659588521276429,0.2946695077374214,23.681604030160766,0.9789667383030255
2022-08-12,0,0.09129928695213776,0.29152520379322705,24.947215935604575,1.258034318231277
2022-08-15,0,0.08345412545532879,0.28663276404711224,25.150237354695857,1.3776661219099053
2022-08-16,0,0.09136768153393597,0.27831737086680086,22.032540024337482,1.1919055155244054
2022-08-17,0,0.07808680071547583,0.26895242950205783,19.34503579864901,1.0255138121191059
2022-08-18,0,0.07096842836790312,0.2572389681534586,19.026567055157916,1.0816597491734103
2022-08-19,0,0.059690579434917415,0.24909515885322264,19.211170224792593,1.3457277968562071
2022-08-22,0,0.0546778053504564,0.24075406235713492,17.79597284711067,1.3260709262647603
2022-08-23,0,0.05306963451752164,0.23381073920696435,17.4848551156841,1.3241022556439979
2022-08-24,0,0.04549704661657869,0.23272761550747698,20.262333689101418,1.8271541745734663
2022-08-25,0,0.04235974212875447,0.23356196570682822,24.609062927286455,1.845187492890679
2022-08-26,0,0.03823949785991697,0.23719377677562714,28.92547855171706,1.8327249058089305
2022-08-29,0,0.038196015260701426,0.24056631945078977,25.685990818218148,1.619975502944826
2022-08-30,0,0.039320842633822475,0.2483371768805103,26.90281974900668,1.925264827418485
2022-08-31,0,0.04169525640595272,0.25255107859411385,22.42334341218091,1.383918672787512
2022-09-01,0,0.04339927012026641,0.2572550469269116,21.743028293109173,1.3444790381539182
2022-09-02,0,0.05073064499789405,0.26139650606712317,18.09885872657833,1.130106332342087
2022-09-06,0,0.0499782094083672,0.26519920610389414,15.843381632274461,1.3188773004979895
2022-09-07,0,0.04644918342940682,0.2618260928158889,14.506738248325677,1.2244669441550935
2022-09-08,0,0.04813731436731031,0.25688805075596105,14.899441752541835,1.1568761836245844
2022-09-09,0,0.04248813373319927,0.2550013140141537,13.860752332158366,1.2499176336683775
2022-09-12,0,0.040886848559635994,0.2564238459148593,17.125379137473317,1.3531530856731149
2022-09-13,0,0.03770319164070007,0.261362225773459,16.987757534755172,1.423625080380493
2022-09-14,0,0.040149306279069916,0.2640689365611796,16.215540736659122,1.116269562900975
2022-09-15,0,0.03528720804678826,0.2700866338642185,17.105056016949295,1.35959085478247
2022-09-16,0,0.0397179227781604,0.2745981442456407,16.104687961460996,0.9169146950339171
2022-09-19,0,0.044155997521207,0.2793639838800076,14.141156949540731,0.8031957461191993
2022-09-20,0,0.04224938506339723,0.28315419783356244,13.753872617185277,0.7654643410300487
2022-09-21,0,0.04626675859197582,0.2853324433641971,14.10654603640937,0.6324317874236897
2022-09-22,0,0.047002475182276356,0.2881363362456486,12.981549532455285,0.38181928526229275
2022-09-23,0,0.04854832834682564,0.2892761991196755,12.542737080057757,0.2942505613054751
2022-09-26,0,0.05077402486988915,0.2925223361216648,11.893364965105409,-0.14354610420515398
2022-09-27,0,0.04924289602493649,0.29706419304061804,11.44012737938052,-0.29974589601330254
2022-09-28,0,0.04972696070542039,0.2987571297427856,11.159050534130424,0.08121746868602207
2022-09-29,0,0.049006977930846074,0.3001368717521642,11.274941397300088,0.47129598475381385
2022-09-30,0,0.05917457401069538,0.30272115918765286,11.623255337908322,0.4926866166303585
2022-10-03,0,0.05857788878103817,0.30758037310158315,10.088962228257143,0.2439001855029481
2022-10-04,0,0.05999960712093128,0.3104573109052269,10.263869546537657,0.7710181253742441
2022-10-05,0,0.05359496757097799,0.31697277211338487,10.579121861490801,1.1493531906458168
2022-10-06,0,0.04586714852758256,0.3260118624815134,13.008090240180373,2.020117539746027
2022-10-07,0,0.04247665190042915,0.33688325476465986,15.530822090767497,2.4637464943868554
2022-10-10,0,0.04423709541599658,0.34854153498617596,14.468250564599026,2.268122259037899
2022-10-11,0,0.04923404918915004,0.3573809231073161,12.719466964497894,1.939503316756057
2022-10-12,0,0.0533431321435016,0.36721651725759785,14.049531101592429,1.7086600094870983
2022-10-13,0,0.06040243723289799,0.3710266098087459,13.429774509644123,1.7490873591714327
2022-10-14,0,0.05325967467753959,0.37724598891527383,12.072112309745929,1.884978602215826
2022-10-17,0,0.05197882850682677,0.3776657313184496,11.258629256073176,1.6728956162646322
2022-10-18,0,0.04267454448204894,0.3782259188650757,14.855234079215881,1.920857998459959
2022-10-19,0,0.04736828040613246,0.3796049224860242,14.79742515463714,1.8028821835228446
2022-10-20,0,0.03688865527053774,0.3876002420978826,16.19598161897283,2.019106396513455
2022-10-21,0,0.03371658473986788,0.39275568229038005,15.685525218695567,1.9123968671666964
2022-10-24,0,0.0250864374101045,0.40182264840953963,17.370332477504626,1.9261183289857577
2022-10-25,0,0.02550102692032382,0.4125236780162214,22.661564241189403,2.0437199958158416
2022-10-26,0,0.04300264709131796,0.42357128431821756,17.459207025061882,1.5833293723499817
2022-10-27,0,0.05022516330172276,0.4352362905635904,16.967604957097823,1.5964912881577842
2022-10-28,0,0.056902034008496694,0.449023484592372,13.439876794586475,1.5210776883646309
2022-10-31,0,0.04428275459732983,0.4601596456556012,14.582412320895951,2.0356658711899427
2022-11-01,0,0.057335641403503265,0.4710932521190976,14.553573646985472,1.8789058943818755
2022-11-02,0,0.05420782265732787,0.48357597969793764,13.686169887684397,1.919532992603188
2022-11-03,0,0.07592568271414332,0.4937266453128427,13.962825851875474,1.7080315839294524
2022-11-04,0,0.07737807521360131,0.5057912355769313,12.596863311807148,1.6871669379285177
2022-11-07,0,0.0628225637927494,0.5208520710792657,12.462989489568596,1.604404909297834
2022-11-08,0,0.055242585387572804,0.5359502818583846,12.823023842933985,1.5500528881428044
2022-11-09,0,0.05633930374678661,0.5477744924084367,14.17238093006735,1.6019108708087342
2022-11-10,0,0.06805718009386724,0.5546384348760851,12.509064993157256,1.2020923331024933
2022-11-11,0,0.07960660282614285,0.5618316837411098,11.464531144841414,1.0776747433103366
2022-11-14,0,0.08954614552422083,0.5718345358066994,10.86128318254733,1.1877036284981584
2022-11-15,0,0.10509934346456881,0.5818570916677459,10.454849783043153,1.1894656452662666
2022-11-16,1,0.12349856558803839,0.5921877518087514,9.109860909980013,1.0619780368663039
2022-11-17,0,0.1101661695360116,0.6028223371019674,8.252126700340144,1.156617581552634
2022-11-18,0,0.11554965848669677,0.6136048503724361,7.699723621423942,1.0093810248428305
2022-11-21,1,0.12786496758619562,0.6215781526419755,7.442226920058317,0.8180005231417078
2022-11-22,1,0.1398937578418431,0.6290983159967773,6.655550272407951,0.7292316196338027
2022-11-23,1,0.152284575971579,0.6369510407569587,6.187240303650766,0.7940606160863988
2022-11-25,1,0.14400708905980888,0.645057109761529,5.605043961099812,0.9058378254427518
2022-11-28,1,0.15918459853242867,0.6523039305980425,6.476742872538914,0.8052242319544396
2022-11-29,1,0.15086697983623035,0.6582855981182134,6.295323334919067,0.7376339411166513
2022-11-30,1,0.1647954461604858,0.6631958008090652,5.70211367252835,0.19337571517128113
2022-12-01,1,0.14304206572458952,0.6664848851075458,5.017916406555809,-0.20845059195873228
2022-12-02,1,0.15402829323800316,0.6694500391884863,4.849159914530172,-0.2840659545817417
2022-12-05,1,0.14330332677687674,0.6702184787690055,4.517655330249596,-0.3216248171941671
2022-12-06,1,0.10961933305551996,0.6709770040355137,4.543128296216294,-0.4219025432421025
2022-12-07,1,0.10749939568268388,0.671032950384059,5.245366021198663,-0.4553332130196577
2022-12-08,1,0.107465865678982,0.6697453985021173,5.045940347372882,-0.7922325169126293
2022-12-09,0,0.09407643207871913,0.667457591844139,5.399040150847113,-0.7276363573629203
2022-12-12,0,0.10033332549602825,0.6674190677437155,5.125151695535525,0.911386073729207
2022-12-13,0,0.09979896546915121,0.6679359774174236,5.515134120661785,1.7323047958408446
2022-12-14,0,0.10538774708516405,0.6685885984076254,5.166210015999031,0.9334661866514629
2022-12-15,0,0.10294727407853438,0.6692744994699332,5.1922152302970295,0.9113437427972078
2022-12-16,0,0.10102506426818339,0.6699798368619807,5.158188376795668,0.791192234476031
2022-12-19,0,0.09429315378572983,0.6712646114878427,5.470741437938146,1.2358469007859127
2022-12-20,0,0.0954893095049977,0.6717284397580354,5.416726756821689,1.0477340250312166
2022-12-21,0,0.09699014866884519,0.6714038265845822,5.495045089078388,0.8569053726693023
2022-12-22,0,0.09777243325210633,0.6718067223383617,5.505530917121245,0.8680533963641942
2022-12-23,0,0.09674384060608844,0.6715218729425287,5.412468767032996,0.5836597190699632
2022-12-27,0,0.09995578724912135,0.6706108135827344,5.4545494833038735,0.1879013114522428
2022-12-28,0,0.10142053468116094,0.6706226200862178,5.479091680208266,0.2177840863517925
2022-12-29,1,0.10775379627759576,0.6711103870382814,5.451471098726079,0.16522447758712389
2022-12-30,1,0.11666503191326415,0.672003770957042,5.376932971086239,0.127842453922422
2023-01-03,1,0.12352093672848237,0.6739274430513511,5.17460360629384,0.3129299079749305
2023-01-04,1,0.1280628016241609,0.677007884849484,5.107782888284216,0.1949993630343556
2023-01-05,1,0.12753163865164663,0.6806558954319573,4.953770689243956,1.0928566471126158
2023-01-06,1,0.11437904159699229,0.6852458459750751,4.7987104468549635,1.2706470724228398
2023-01-09,1,0.11156424698876638,0.6906844991371208,5.077599804891878,1.502740238705433
2023-01-10,1,0.113176025378677,0.6934781679660228,4.819925796870708,0.8082499155826444
2023-01-11,1,0.11547171719492734,0.6965112757056491,5.018222999864466,1.4046317027872293
2023-01-12,0,0.10556313318001609,0.6997139840830158,5.521230574152623,2.418999792377559
2023-01-13,0,0.10925087973711803,0.7040010899241395,5.982822941767654,2.631693903185307
2023-01-17,0,0.10874171096724973,0.707908169880209,5.850501091380129,2.314755358878083
2023-01-18,1,0.12529297182997506,0.7113451629855367,4.853967832138759,1.0408058709383756
2023-01-19,0,0.09587301777188163,0.7149765781331585,4.696339887412725,0.9877929142272708
2023-01-20,0,0.09871386759314162,0.7186994858247764,5.827962729983315,0.6843753902722154
2023-01-23,0,0.09542003065482019,0.7194225773364202,5.802025835206636,1.05585749752739
2023-01-24,0,0.09454541136688954,0.7191768184161536,5.816394415987874,0.8062404529782103
2023-01-25,0,0.09090115442210403,0.7197094806081701,5.829128791470134,1.3061783071648292
2023-01-26,0,0.0929759762647914,0.7195363117987098,5.706809009768527,1.6292949782800852
2023-01-27,1,0.10389721119931378,0.7173409699562339,4.976318088499606,0.7727906558348848
2023-01-30,0,0.08327162563394717,0.7167108714772166,5.585809359521182,2.7899923648234592
2023-01-31,0,0.0669304408912296,0.7154718230477644,7.15861777128421,3.5119357395602333
2023-02-01,0,0.06211241770187839,0.7153690424182393,15.504955124632366,4.480574661134833
2023-02-02,0,0.04948361738203658,0.7142843219236292,24.01723766431916,4.361965639994984
2023-02-03,0,0.04053027369816231,0.7122769863710632,12.302677523932964,3.2832518071411068
2023-02-06,0,0.036318720853384015,0.7108290241781643,15.254718891903766,3.305163802263789
2023-02-07,0,0.0353426433612081,0.7092032644674751,14.431879750988104,3.0222174243167244
2023-02-08,0,0.041987550750440125,0.7088399680638735,15.330644320213912,2.9409684966236855
2023-02-09,0,0.03322710809850521,0.7065137311232393,28.607308023789194,3.455907645025725
2023-02-10,0,0.03154561071997231,0.7037146549932194,154.1094125016913,3.755026790536553
2023-02-13,0,0.03860366989661831,0.7037163126752829,,4.2240434774544475
2023-02-14,0,0.03431660643567719,0.7029744867664416,,3.963809848982625
2023-02-15,0,0.03199258091809889,0.7037453536420094,100.82550031188492,3.0980549250036167
2023-02-16,0,0.027367460556637982,0.7031695225722812,636.4468602929767,3.187543418931154
2023-02-17,0,0.0243454451058836,0.7004719584193029,,3.3649437058370655
2023-02-21,0,0.02278746758784989,0.6949017616020385,114.03288689807121,2.724182758949946
2023-02-22,0,0.024212212535875837,0.6883291407956835,1166.2695148555608,2.88024511948331
2023-02-23,0,0.027241884278255586,0.6804814779263296,117.15216653622932,2.5164615327698843
2023-02-24,0,0.025234558524101246,0.6738868927704318,107.47050558775867,2.4131481793913476
2023-02-27,0,0.026779881811045833,0.666995951997498,87.40760046724537,2.2580177196690916
2023-02-28,0,0.029694469044487744,0.6609243099747156,66.60655813248508,2.080221060228464
2023-03-01,0,0.028872053937904266,0.6526644079027646,95.64363639815708,2.16013283015861
2023-03-02,0,0.025130611425200094,0.644962275642806,105.47820089068556,2.125226680492382
2023-03-03,0,0.02320221074277703,0.6375974852490299,96.62966018039698,2.0980051841704506
2023-03-06,0,0.02734054483803737,0.6316914958556593,81.09180064162099,2.021410621598236
2023-03-07,0,0.024373310756434945,0.6267806651897979,79.92484375363304,2.0213710937581757
2023-03-08,0,0.029428156434055976,0.6191527259182407,55.58145896013757,1.7806827109346883
2023-03-09,0,0.03478738605993974,0.6126135682241344,37.31329052582383,1.528313839818542
2023-03-10,0,0.036275446090468136,0.6022035382102424,44.18577767987307,1.6131996461989755
2023-03-13,0,0.040658147989124295,0.5905610556685271,35.13768678357295,1.3842468938841674
2023-03-14,0,0.04901677195846485,0.5785968903304827,29.39507841869877,1.1933510993705154
2023-03-15,0,0.053672632787646765,0.5668758166038648,24.153655351263698,0.9972557807158029
2023-03-16,0,0.08499470308862749,0.5524260840296273,20.065797655137295,0.6221767584001149
2023-03-17,1,0.11439205929064081,0.5384566887043689,19.048272235182836,0.3803802672255477
2023-03-20,1,0.1181044202695364,0.5175236850934212,17.248995114630898,0.2529887535184611
2023-03-21,0,0.10454036885271811,0.49011471856982025,17.826562401258656,0.4810413486111593
2023-03-22,1,0.12600654586590154,0.4621118862031317,17.415600000533917,0.933679387365416
2023-03-23,1,0.15069966917273267,0.43688604305656575,14.766727954459531,0.6159968286798675
2023-03-24,0,0.11043058579380557,0.4090337512741791,11.56792980621518,0.38358288380697636
2023-03-27,0,0.08838869378807328,0.3746070201178484,10.819409182599422,0.13650642254754744
2023-03-28,0,0.08133256808750063,0.3483859944520573,10.400724978934921,0.4593618645179606
2023-03-29,0,0.07522268851243179,0.32962748472102865,12.541755759382065,0.573617962583223
2023-03-30,0,0.08247515164748018,0.3158035574971521,13.699148676550859,0.886920248354254
2023-03-31,0,0.09682839021646902,0.30690703582800616,12.772794742124185,0.8699813451794004
2023-04-03,0,0.10345520762176169,0.2964728604763086,11.279175092038907,0.821556984137988
2023-04-04,0,0.10115401486811658,0.28341135458104993,11.235059401696406,1.9591239204114745
2023-04-05,0,0.07522879969497778,0.2668278632413084,9.92210160494822,1.7086943762335167
2023-04-06,0,0.09377244599098813,0.2504097542534001,11.16307336112744,2.1277796126188893
2023-04-10,0,0.09932939524326032,0.240858887509519,8.968183503448776,1.7273565823625896
2023-04-11,0,0.09623076829131426,0.2244648666914575,8.560607584900614,1.530494948803214
2023-04-12,0,0.07762118901180104,0.2108572208330892,8.119869663407462,1.6643457249356806
2023-04-13,0,0.07505302292689513,0.198320989525143,8.398905579428254,1.5793495741951376
2023-04-14,0,0.06290937869983496,0.19438863499704637,8.219648785602255,1.5828799230709376
2023-04-17,0,0.060775413334694287,0.19136462268454246,8.564911759221154,1.616260678036716
2023-04-18,0,0.06397768389553672,0.19082451278124804,8.368560735832446,1.3079121438521573
2023-04-19,0,0.05807820896261105,0.18988583182899565,8.691909583307723,1.8903057812522035
2023-04-20,0,0.05689144981056114,0.19046138834176368,8.843298870253935,1.7511671730742038
2023-04-21,0,0.05557393739124235,0.19187011883121485,8.636490066611051,1.5173234010225536
2023-04-24,0,0.05506326729001121,0.193153666012391,9.876054851747163,1.622286031901022
2023-04-25,0,0.05126965602423326,0.19585460956599687,11.092096882342354,2.030825597744171
2023-04-26,0,0.053372466980034436,0.19677158411202597,10.66757051233438,1.6789660678488347
2023-04-27,0,0.058207191030758054,0.19504200846518277,10.245789713281551,1.5186736663611713
2023-04-28,0,0.05726664077458529,0.1938116760342821,11.239444454177345,1.7835973051496126
2023-05-01,0,0.0576014191228185,0.19430017956348467,12.615215311886631,2.0339768277298615
2023-05-02,0,0.06020091295293703,0.1948439926352428,10.336605215360365,1.1606006313363648
2023-05-03,0,0.06302156369362769,0.1945609710537249,9.364253313125213,0.3569028559197509
2023-05-04,0,0.06354626376441497,0.1959434534544954,9.105554146060417,-0.028539932888792013
2023-05-05,0,0.06193401062840768,0.20259920012979743,9.419389902517766,-0.454806566582902
2023-05-08,0,0.06964591704718598,0.20665960302976047,9.810491044930078,0.010465338120699854
2023-05-09,0,0.07280522268449785,0.20802047503139293,9.864493945074464,0.14974109566039842
2023-05-10,0,0.06796230739030688,0.20869017102248072,9.912872325576979,0.17900275888656897
2023-05-11,0,0.06605778725603838,0.210118484148717,9.878506330443466,-0.06477993969395322
2023-05-12,0,0.06271614695274189,0.2157719679592758,10.043627103599796,-0.489247097628653
2023-05-15,0,0.06159629258532124,0.22146144036097454,10.140648684706846,-0.4936820583035809
2023-05-16,0,0.07049094634132105,0.22808052493840053,10.172470355390965,-0.4562905587348591
2023-05-17,0,0.058977036830396776,0.24002248293485504,11.204065172445755,-0.8494643037813346
2023-05-18,0,0.06364384669371367,0.24449153897120968,10.808750576093543,-0.38237043506474666
2023-05-19,0,0.056342326480505356,0.2474564559189963,10.736861098939931,-0.12344922055596624
2023-05-22,0,0.06016428268794763,0.25061353202381265,10.570964369231906,-0.06774340239756536
2023-05-23,0,0.05763396552064157,0.2570431369556423,10.677125669419322,-0.20607222515980664
2023-05-24,0,0.0651540363624259,0.2638613092899464,10.802052249155855,-0.1154506741331857
2023-05-25,0,0.06489626560616532,0.27039981418985237,10.735182550781058,0.1644886225081698
2023-05-26,0,0.05726245098702612,0.2794222730853406,10.575806673557308,-0.1283574751892504
2023-05-30,0,0.060874465894290006,0.2900175291626047,10.013296156432352,-0.2508573823285278
2023-05-31,0,0.06120510487568841,0.3012939340204799,9.23296565864691,-0.4010722940944097
2023-06-01,0,0.05607489510681162,0.31206800605514,8.93306020890837,-0.6776551764086576
2023-06-02,0,0.06787890997211252,0.32157379317330825,8.812040868587147,-0.48409038596764153
2023-06-05,0,0.07285293878831126,0.32956077783708104,8.905908127837899,-0.18722680794753216
2023-06-06,0,0.06494120849641302,0.3313775114345473,9.763991806136367,-0.26519843395887194
2023-06-07,0,0.06656598501559413,0.33349920326919913,9.507095691706631,-0.05803685010032595
2023-06-08,0,0.07363247090784758,0.3379815948670251,9.160439636692377,0.23589705415713033
2023-06-09,0,0.07966338129419662,0.341990446222469,8.683775925668142,0.18603634694179602
2023-06-12,0,0.07884751225495404,0.34582068028552926,8.427425031424335,-0.01930464319778938
2023-06-13,0,0.07260510403465004,0.34797466424262674,8.198740965506413,-0.16656198988371643
2023-06-14,0,0.06945525383562999,0.3515098959674012,8.243279054648298,-0.29370763411085
2023-06-15,0,0.0742563971456782,0.358328305533788,8.456555750655724,-0.5398750970205546
2023-06-16,0,0.06769378008898379,0.36582717849425256,7.774052130202081,-0.4471472151665966
2023-06-20,0,0.06461391846621897,0.3728776423349549,8.026241730238517,-0.5812787636621238
2023-06-21,0,0.05992947735496284,0.38660402340109457,8.408196770517113,-0.9126618978584194
2023-06-22,0,0.0614627547279682,0.4001557767023054,7.790696395459165,-0.6709335601038414
2023-06-23,0,0.06167549593553257,0.41328388683332445,7.678365231583129,-0.5527689474654717
2023-06-26,0,0.07837399222588604,0.42850609368781634,7.826578015563789,-0.6472802132807562
2023-06-27,0,0.07566533872573356,0.44244877809357686,6.837973088129706,-0.36495828085905724
2023-06-28,0,0.06800012378313554,0.452887115938996,7.018017594937296,-0.19956689157617222
2023-06-29,0,0.06491299378997634,0.4599633422057265,7.20883772052911,-0.11946604780666745
2023-06-30,1,0.08174523532377066,0.46834420904779506,7.289013419973135,0.14039761195090772
2023-07-03,0,0.07315663240807929,0.47720571672782786,6.46021314582407,0.15659189273646415
2023-07-05,0,0.06688456673011252,0.48732035099304893,6.7260241010325235,0.26228776503238754
2023-07-06,0,0.06276812538190728,0.49690246760572976,7.329430516725698,0.2185627043809236
2023-07-07,0,0.06060532464418486,0.5064163319021665,7.473855005690182,-0.6953676136373345
2023-07-10,1,0.08675370075872263,0.5159113086088138,7.363351386583128,-0.8481298153595013
2023-07-11,1,0.0995013948372143,0.5253987707141459,6.401427139323518,-0.42858055989800525
2023-07-12,1,0.11965670523181883,0.5417822245106381,5.801455785901202,-0.5144770494260648
2023-07-13,1,0.12428694451688195,0.5571916383331624,5.291025456723583,-0.6649239980175734
2023-07-14,1,0.1544290880810263,0.5777406849902536,5.311353135335227,-1.0399769591702464
2023-07-17,1,0.15477361852105584,0.6034335928864341,4.791989953035466,-1.6477655693954865
2023-07-18,1,0.1630255403683091,0.6321197514687925,4.494917279276159,-1.3956053138845388
2023-07-19,1,0.3162418136135581,0.6616384607880894,4.1742946786231006,-1.71084643423198
2023-07-20,1,0.1857120304457417,0.6890207895568766,3.187612204700695,-1.6861210009664995
2023-07-21,1,0.14223994495399347,0.7431594957845786,3.4409085227889737,-1.4193722942294296
2023-07-24,1,0.08324925201660813,0.7709027835652656,3.7079184317425904,-2.23257862436332
2023-07-25,0,0.0669605827935253,0.7833690371000117,4.876198951834596,-2.741132252342615
2023-07-26,1,0.07274246383246043,0.7873914430808763,5.587467615357748,-2.9204951244293715
2023-07-27,1,0.07049975603567969,0.7896176488775599,5.215212348558707,-2.6285678169452367
2023-07-28,1,0.09818393330152031,0.7959508865948688,4.63662356748922,-1.6587510467271331
2023-07-31,1,0.11084061228099192,0.8028015510533407,4.612520479329688,-2.0508335052684767
2023-08-01,1,0.06753791132577991,0.805211431133869,4.696095000190812,-2.4511730239331713
2023-08-02,0,0.06176449102906271,0.8154336577132675,5.449568470818431,-2.2062767639353256
2023-08-03,0,0.069409799315014,0.8191590210469079,5.647564537940173,-1.7509546465792443
2023-08-04,1,0.06758314024422876,0.8193087583389599,5.112967058909004,-0.6029252843605396
2023-08-07,1,0.07846898658533136,0.8136837931030267,4.961823995368995,-0.23544086912672885
2023-08-08,1,0.07308576467092708,0.80716297785455,5.611996720046951,-0.6349052305557393
2023-08-09,0,0.0652996087637434,0.807435344174811,5.538171422002425,-0.19216779884812188
2023-08-10,0,0.06353958777061654,0.8050934924618837,5.263443765233882,0.8288562107125554
2023-08-11,0,0.06602900907904637,0.8005637510293789,5.704044495235362,0.72367415157629
2023-08-14,0,0.06596939694601277,0.8002634013180046,5.370979754917595,0.18465402123479357
2023-08-15,0,0.06458411279457334,0.800736056285142,5.580770808737913,0.309260245467035
2023-08-16,0,0.06473809273974661,0.8009487042141071,5.656757242739617,0.8496251429886515
2023-08-17,0,0.06352137885748077,0.8003727666629513,5.460375580316935,0.006317951363640116
2023-08-18,0,0.0649068069950395,0.799833106368,5.513810155084345,0.01559360456966855
2023-08-21,0,0.06479282016896408,0.8004597124448777,5.459796262619044,0.48162748366947455
2023-08-22,0,0.06469475192828858,0.8002307928435635,5.344699300119635,-0.08480800339299494
2023-08-23,0,0.06362942077020776,0.7997347886400334,5.288042368962821,0.1881490415370513
2023-08-24,0,0.06368329218910132,0.7982867112962599,5.300075243014684,-0.5077305081397352
2023-08-25,0,0.062051155510794355,0.7966951644965536,5.265706235911472,-0.35897242434917503
2023-08-28,0,0.06481675404566399,0.7948471970262243,5.261372202930009,0.27386671651608374
2023-08-29,0,0.06360467946895733,0.794654926795977,5.3265042277878045,0.3159230679535852
2023-08-30,0,0.06327890554034257,0.7960637136399422,5.418405261457412,0.8420626208391726
2023-08-31,0,0.06236256854395411,0.7981900807305189,5.68735906909419,1.3937102095807348
2023-09-01,0,0.0639873594713609,0.800478421970156,5.625226408391766,1.116544347297185
2023-09-05,0,0.06420406140466094,0.8039318419690193,5.530902261167102,0.9814730644615938
2023-09-06,0,0.07386085773739035,0.803603294225316,5.188330762734736,-0.08074549363195421
2023-09-07,0,0.07292802526898776,0.8022701327509096,4.960873189344145,0.44930308204215574
2023-09-08,0,0.06760630047634755,0.797326047890514,4.919492092714557,0.10461311992881274
2023-09-11,0,0.07013864105183358,0.7951995592513513,5.099158496135639,0.8786963584325871
2023-09-12,0,0.07588240324031295,0.7969678960836052,5.48630393121845,1.6252309771550646
2023-09-13,0,0.07679946293403435,0.8063016276330244,5.882324397158935,2.1229058556846687
2023-09-14,0,0.07441129167795071,0.8126118626404485,5.705092039838659,1.6988563848745588
2023-09-15,0,0.07588061309998832,0.82281031738198,6.207049741371859,2.34485204257717
2023-09-18,0,0.0758807116630321,0.8268548116026515,5.823991384984749,1.551132143581896
2023-09-19,0,0.07677346664146927,0.8339412089916614,5.971441158914602,1.6928979913299091
2023-09-20,0,0.07654855977453215,0.8399653244022134,5.964401287915028,1.4615928533678826
2023-09-21,0,0.07713880464330414,0.8445530230586767,5.829609858880962,1.125464973714023
2023-09-22,0,0.07704982157376292,0.8474276814318114,5.6959759206019,0.8668448263468859
2023-09-25,0,0.07582257164237642,0.8494125387147258,5.673687549021959,0.43063520952751655
2023-09-26,0,0.06993531123487816,0.8502331186546851,5.585599204192027,0.0032614105551473874
2023-09-27,0,0.07155153353641838,0.8539385147937871,5.653722049917649,0.5204515954346499
2023-09-28,0,0.07858775494911055,0.8594610334271545,5.728358830890023,1.104413455912711
2023-09-29,0,0.07934115820250104,0.8637231993738316,5.689463524422298,0.8642591519883778
2023-10-02,0,0.08308485838249645,0.8679948638943571,5.618490385514828,0.698333780826588
2023-10-03,0,0.0977933143780918,0.8712787251287974,5.5073494247851436,0.5673144166222864
2023-10-04,0,0.1022024197368138,0.875706824004663,5.202448929268146,0.4623338525734296
2023-10-05,1,0.10423058979739758,0.8827644599181703,4.922880211797279,-0.1479210201614439
2023-10-06,0,0.06094073174810141,0.8861073401698708,4.843988338568896,-2.0387559126974764
2023-10-09,0,0.06259176572422992,0.8897406570281168,5.934268264459146,-2.239364269732985
2023-10-10,0,0.05596636650956723,0.8820024337649846,6.308231364444866,-2.225351941930584
2023-10-11,0,0.04546832495164994,0.8749327036256399,6.80989330969431,-2.305363403090333
2023-10-12,0,0.060945414083240806,0.8749006196984591,6.761359380605399,-1.8907644873361287
2023-10-13,0,0.05381826927029699,0.8724199852551358,7.062672997898061,-1.9122036212259383
2023-10-16,0,0.05378517093523902,0.8677830532156485,6.698525856213784,-1.3470199662489513
2023-10-17,0,0.05060745375996627,0.8593790850410088,7.095176623202446,-1.8329375670458832
2023-10-18,0,0.05723763202097876,0.8470311399774719,7.233692715613791,-1.9379817804987223
2023-10-19,0,0.041429283598302266,0.8337772764143739,6.919205151713326,-1.6034856501229646
2023-10-20,0,0.04055194001207331,0.8191038607937631,8.54590802754878,-1.5427261636886103
2023-10-23,0,0.039290458267236865,0.811279648689692,8.588890547733717,-1.5451827966366032
2023-10-24,0,0.06032725312297927,0.8124854421824349,6.702627795953982,0.12105238763233098
2023-10-25,0,0.06369899907092719,0.8143016929265177,7.181537838609899,1.2215312934423073
2023-10-26,0,0.0655406865109906,0.813039097706442,7.7059292752712185,1.615434014245173
2023-10-27,0,0.06541018118310359,0.8096112763058025,7.762197050119901,1.530167410693894
2023-10-30,0,0.03059424556959406,0.775175390211469,14.11000996585899,4.038718466716561
2023-10-31,0,0.03260723020754691,0.7515577204414798,11.85827247495479,3.2608472376018405
2023-11-01,0,0.03220611188817877,0.729275928143803,14.50164044606465,3.085091549294826
2023-11-02,0,0.031884528716216436,0.7009955093609666,19.870479370624683,3.173340565699386
2023-11-03,0,0.044398801418554554,0.6823424880385903,22.275241997596044,3.026841579766186
2023-11-06,0,0.035321646369124146,0.6638821645777081,19.25791151013283,2.6215976496650963
2023-11-07,0,0.03261939832739862,0.6481270433200615,14.947390829394955,1.9268638277405692
2023-11-08,0,0.03226015448769454,0.6322356583822584,15.236444626717628,1.793750744600895
2023-11-09,0,0.03339020295671071,0.6171345772464951,15.282272035764496,1.6582650054691421
2023-11-10,0,0.03271693190844981,0.6018343880578111,15.749382233138736,1.6466390875459331
2023-11-13,0,0.031884293960643635,0.5886879983254603,16.228968398595264,1.6150770568320583
2023-11-14,0,0.03401779869307225,0.5753717771164111,17.33352972466524,1.6849960491501927
2023-11-15,0,0.034744627631977776,0.5648254453640018,16.936091376442388,1.542967825565411
2023-11-16,0,0.035955129646311146,0.5569064026617269,15.355163890882343,1.171803077737345
2023-11-17,0,0.039397769590207236,0.547668724203365,15.13246174856996,1.1218183160861923
2023-11-20,0,0.0383129770910113,0.5377249023030268,15.799979983583873,1.4231082079212025
2023-11-21,0,0.03366525116914189,0.5274950208495168,15.233764847731667,1.2163159010153635
2023-11-22,0,0.03467225487822123,0.5181168377510977,15.354661923777027,1.2032413744951416
2023-11-24,0,0.03348816646806356,0.5118571887824578,14.555521918881471,0.9590702691205728
2023-11-27,0,0.03142908763872237,0.5054506192233648,15.027843845974582,1.0123328053245293
2023-11-28,0,0.03158019059240979,0.5001723873923066,14.783725757752583,0.8623499101352492
2023-11-29,0,0.03204017805154165,0.4972395324450748,14.304877326102169,0.6328862141987415
2023-11-30,0,0.03252636642627255,0.49536146917920443,13.757942901011834,0.3549501415396349
2023-12-01,0,0.033141034487200204,0.49255965533731605,13.737245965455356,0.5212772032677567
2023-12-04,0,0.034917055968916394,0.4903544360168942,13.307180458585938,0.3930022077715252
2023-12-05,0,0.033979793370404306,0.4894508239471874,12.74599546208165,0.18277764742756591
2023-12-06,0,0.03472639996323287,0.4897248741510838,12.613669099575718,-0.17291595376721433
2023-12-07,0,0.03782317470402881,0.49255620811714196,12.513450090541422,-0.5647855649902793
2023-12-08,0,0.03446102223189369,0.49599594258034785,12.24732610433986,-0.7713420027233409
2023-12-11,0,0.03628951696828489,0.4966998390862918,12.492554714433602,-0.7034478396701678
2023-12-12,0,0.03878069484464453,0.4981271240789181,12.776045172316055,-0.6861925487264475
2023-12-13,0,0.03228229145726392,0.5005345217548138,12.909717485279435,-0.9069765213538996
2023-12-14,0,0.03228827544142539,0.501759780525596,13.432921482803774,-0.959064866931918
2023-12-15,0,0.03700638101442605,0.5023253518904528,13.734090341565015,-0.937880574713212
2023-12-18,0,0.03318772870866408,0.5035049833886062,14.190886643125204,-1.0648245148437603
2023-12-19,0,0.034130871442805105,0.5045297090780234,14.074465474416208,-0.857031140189157
2023-12-20,0,0.036619612454977815,0.5051889562429215,13.89120277109664,-0.7235111106134946
2023-12-21,0,0.03337880160021357,0.5069405712489764,14.664856308508762,-1.0640039354163289
2023-12-22,0,0.03857227389722454,0.508379317577428,14.560795851806812,-0.9728591196680925
2023-12-26,0,0.03798455100321661,0.509581040044915,14.16799797008332,-0.9581546097451867
2023-12-27,0,0.03527768637832379,0.5087217666254494,14.149285481758238,-1.1083773689547038
2023-12-28,0,0.03166658794279263,0.5084455864327226,15.408436541815403,-1.1862417070172484
2023-12-29,0,0.027295509817581193,0.510126711283829,15.889468881802483,-1.3107942998996829
2024-01-02,0,0.029989896917855974,0.5128451980740052,15.702521440186947,-1.2657765699955021
2024-01-03,0,0.04804568828017703,0.5144378891938604,12.821605330390861,-0.5234947667570847
2024-01-04,0,0.04640734939926651,0.5149082879033448,11.67526972537839,-0.7226410941470096
2024-01-05,0,0.050403150510407606,0.5132857930166593,11.921695093562901,-0.7619279903982166
2024-01-08,0,0.04968562303279317,0.5116776471732188,10.968735392566865,-0.6285674757413942
2024-01-09,0,0.03895153058290819,0.5109719819425672,11.298195151965286,-1.081248988509617
2024-01-10,0,0.04349650283762867,0.5117165367094962,11.632756132401523,-0.8712305824674534
2024-01-11,0,0.04209607509340624,0.5145146736342745,11.113600712343995,-1.0048659328757157
2024-01-12,0,0.043035042333120783,0.5187052026487414,11.174317015961636,-1.1508107452869905
2024-01-16,0,0.043725518536169045,0.5236750291161828,10.627521175531767,-1.0564595015420042
2024-01-17,0,0.03616050769542811,0.53095204855783,10.623526180427591,-1.1991529512092536
2024-01-18,0,0.04114587161883966,0.5381273013167172,11.921232516372061,-1.3356929165494784
2024-01-19,0,0.04254342253599109,0.5436653656353244,10.75157650945261,-1.1346401996145015
2024-01-22,0,0.04038496703061554,0.5488156655852305,11.075838841485387,-1.154346449883142
2024-01-23,0,0.039697789548956336,0.5563428381987138,11.136795882342277,-1.230279595676749
2024-01-24,0,0.03384386968441017,0.5615002211724178,10.21620420794086,-0.7368593977123311
2024-01-25,0,0.0324817275252135,0.5646475116958891,11.56034330498841,-0.6894221994740244
2024-01-26,0,0.03570322065082465,0.5661800286824542,11.582231096134231,-0.49654431314034475
2024-01-29,0,0.035077115337092304,0.5671400666059172,11.134444006706612,-0.2894284353378922
2024-01-30,0,0.031572681275793976,0.5683645649706046,11.39130758200073,-0.23265824242486674
2024-01-31,0,0.03236413343131383,0.5688527454919459,11.96631288843192,0.19628670575887203
2024-02-01,0,0.03185127361700532,0.568987113212446,11.899530180935132,-0.012704977362810505
2024-02-02,0,0.031753152264835736,0.5695337575368984,11.89477691810654,-0.2685826018064403
2024-02-05,0,0.02960694302830894,0.570225009921697,12.43537716544002,-1.3342018501976847
2024-02-06,0,0.030911872900159412,0.5707418172547927,13.053114744261938,-1.4866675791225796
2024-02-07,0,0.03249428728330056,0.571121219081953,12.332911859752446,-1.211298035364392
2024-02-08,0,0.03043766955807079,0.5719324541985202,12.641080673197925,-1.1680535691468303
2024-02-09,0,0.034907924906878954,0.5723520763625903,12.528758446120289,-0.9121655576900956
2024-02-12,0,0.031994246277172476,0.573151067811439,12.862305269987546,-1.0877788490262876
2024-02-13,0,0.03692237126025576,0.5741611212201225,12.362656992425586,-0.7815083771605479
2024-02-14,0,0.036746891641532595,0.5752779731386131,12.127589387621116,-0.7973327259366273
2024-02-15,0,0.031148179720473124,0.5770312517623102,12.47736635455275,-1.0626150903648641
2024-02-16,0,0.03145477459750183,0.5768389270060584,13.264504617860396,-1.050628220212504
2024-02-20,0,0.031080524279268003,0.5761936198038574,13.537231052138383,-1.0748142355933725
2024-02-21,0,0.02849510399830046,0.5754655037322765,14.417329543562357,-1.2869858828965361
2024-02-22,0,0.03301883654512976,0.5742818481040658,13.155013546090968,-0.8038549963143661
2024-02-23,0,0.035137354732776196,0.5724275454939236,13.294466291691338,-0.8197845835969328
2024-02-26,0,0.03323695534734285,0.570584894107272,13.506351062121068,-0.980857329853168
2024-02-27,0,0.03728185797013907,0.5680088671791039,13.627749459293032,-0.774216136884557
2024-02-28,0,0.03668649886368297,0.5673347551891116,12.962036093998904,-0.38770181733437487
2024-02-29,0,0.04210817084401202,0.5653172849633266,13.074522840816917,-0.31142390253804025
2024-03-01,0,0.04088032736323283,0.5641238357355558,12.724063552167157,-0.1685718089571831
2024-03-04,0,0.05368913718683331,0.560834891418265,12.309905454798452,0.15789600725745037
2024-03-05,0,0.049708759651854305,0.5574240424843512,11.315215073377969,0.40747427495895333
2024-03-06,0,0.06661652908767339,0.550130089164156,11.890219208014972,0.7436338526583556
2024-03-07,0,0.051920912368469664,0.5431845468073887,11.257283928847418,1.4019196396256302
2024-03-08,0,0.06308377893924759,0.5332022991532034,12.763031272904666,1.4314768359652053
2024-03-11,0,0.05834443839767458,0.5260203648155084,12.805809581512047,1.6994032865713158
2024-03-12,0,0.053109893964358376,0.5182570474097845,12.485101775308824,1.5441338576491401
2024-03-13,0,0.047861589151844644,0.510413906714335,12.399313969298406,1.32023607352111
2024-03-14,0,0.04575801295817863,0.5049939033803628,13.488172799050714,1.4080503866511591
2024-03-15,0,0.04942330957548252,0.5038167561584338,15.325922028303635,1.779572365940601
2024-03-18,0,0.05117751287210886,0.5026032428172291,15.240424119523539,1.7153913548436004
2024-03-19,0,0.07478674931498394,0.5010223859186069,16.910885786925046,2.0820792479956434
2024-03-20,0,0.06491211217488585,0.4997145982869901,14.709685668422294,2.1214439509895024
2024-03-21,0,0.05909303743950524,0.4884962054364015,17.899362642981895,2.443113730161009
2024-03-22,0,0.050294889147902394,0.4789864410360088,22.74599057466539,2.547641693239795
2024-03-25,0,0.05607886848824517,0.4732757191291374,28.330228229509547,2.5384894245253338
2024-03-26,0,0.04270451390421292,0.4746507316205974,32.64658304267001,2.5751380619625235
2024-03-27,0,0.0690786777203294,0.4736888722845834,48.66401663102449,2.417927245095458
2024-03-28,0,0.07534673517206214,0.4832976569067882,95.46436464647934,2.529178601172733
2024-04-01,0,0.08272570664315287,0.5029903535674005,100.95801937945745,2.5721894056561374
2024-04-02,0,0.08078861134024201,0.5265311517597736,136.3156361306023,2.4441408230513395
2024-04-03,0,0.08843672809800689,0.5550783083721123,,2.8138350807133925
2024-04-04,0,0.09622915735947883,0.5861195444803208,90.01430101001513,2.518534526337526
2024-04-05,0,0.08916539174191104,0.6158660001786627,61.97132173760504,2.4213099850494095
2024-04-08,0,0.10015107770012752,0.6493159147807976,133.01447955162405,2.5295263448610963
2024-04-09,0,0.10506783161582711,0.6791663682423696,43.201372617854226,2.196625420887688
2024-04-10,0,0.10189647511924915,0.7136368175593039,31.584384135084612,2.064491956719758
2024-04-11,0,0.1096282166281079,0.7536355059580895,27.23523853053646,2.021708042231384
2024-04-12,1,0.12075102422447184,0.7938696262039974,20.642523455481665,1.8901904986352014
2024-04-15,0,0.08934337249638827,0.834533382340322,17.449236377719448,1.9724723224311247
2024-04-16,0,0.0762275638513892,0.8734865199182231,22.953538004329364,1.9650513358993325
2024-04-17,0,0.0724656503043608,0.894458715497911,26.395310783520042,1.9139473693698903
2024-04-18,0,0.07192578667397723,0.9086510529189593,25.35598041315977,1.8003481694169965
2024-04-19,0,0.07204825314293045,0.9209029587816874,20.99755598914033,1.4480408077266689
2024-04-22,0,0.0633987743195731,0.9330858284849526,23.330824767919584,1.1814649891645597
2024-04-23,0,0.06390372354805396,0.9514517147757457,22.517433431034604,0.8576664398843453
2024-04-24,0,0.07449010341804446,0.9650669932049074,20.48987398484314,0.7151902822541711
2024-04-25,0,0.06915675854988475,0.977299501412833,17.1829824199734,0.5104760319223566
2024-04-26,0,0.059217302322924145,0.9896040745231268,17.298070926790352,0.12525534037381564
2024-04-29,0,0.02918604335877885,0.9835923862998519,16.90547880481562,-0.8708747183506169
2024-04-30,0,0.040230743355957256,0.9827482633590321,17.271603071236854,-0.5248638699834893
2024-05-01,0,0.06258296553505828,0.9898449253194651,14.65732154011236,0.3860914934466702
2024-05-02,0,0.06349830148101848,0.9985118092682457,13.4657511936858,0.20240575438156133
2024-05-03,0,0.06115740780805602,1.0089902569432478,12.386171788946271,-0.04443284750442868
2024-05-06,0,0.0651264284830035,1.0217571483488848,11.846601877081518,0.00034214247803414854
2024-05-07,0,0.05796795836212325,1.0309323225684879,11.254918377608986,-0.36981597276921013
2024-05-08,0,0.049963923016368546,1.037469273443987,11.397350012705921,-0.6411871909624917
2024-05-09,0,0.06279887451262947,1.0425466644267938,11.805433908512317,-0.6128701758149505
2024-05-10,0,0.057420721859401794,1.0431292096855573,11.090965913412333,-0.7928017619778722
2024-05-13,0,0.05231200894318259,1.0459667865801459,11.199530278332654,-1.0327918238865168
2024-05-14,0,0.06437965615732835,1.0497249003200215,10.587401405035903,-0.6698761986009546
2024-05-15,0,0.0687679058000412,1.056855718469678,9.612106397968098,-0.20024926876435256
2024-05-16,0,0.07710503585649135,1.0677272652938248,9.424025553169127,0.2190846331648635
2024-05-17,0,0.07776602792304692,1.0767298001950092,9.010488453106245,0.09677255545653499
2024-05-20,0,0.07154049026159594,1.0856283153574506,8.629006356387446,0.11090121355575494
2024-05-21,0,0.07816098687415528,1.0961198165782464,8.821958380094825,0.2959095707995893
2024-05-22,0,0.08736050417194513,1.1044149035604094,8.48647765501837,0.4203076845642379
2024-05-23,0,0.0819340997232895,1.1140979731000396,7.9023836359093504,0.48554288652460686
2024-05-24,0,0.08119759605595094,1.1244496399558077,7.807405222980907,0.08074135044597937
2024-05-28,0,0.08954412730985425,1.1314405288933178,7.72578321975399,-0.23310821305376112
2024-05-29,0,0.08947910025911104,1.1375732085426074,7.427031432913809,-0.23275663411290415
2024-05-30,0,0.09665627585789241,1.1473065622829075,7.3581524613593645,0.13854961616320796
2024-05-31,0,0.08884240968895114,1.1546767481214815,7.24772612828057,-0.24716720488369032
2024-06-03,0,0.08616525797408024,1.1585061299252022,7.40566403329568,-0.6750412980561153
2024-06-04,0,0.10419621397261622,1.1638482993082806,6.925118279651908,0.2068918243908416
2024-06-05,0,0.09846998756424452,1.1691882152877948,6.7127737060425146,0.12023693443268256
2024-06-06,0,0.08243849748120112,1.1778028868407926,6.847233328296931,0.7037857366452456
2024-06-07,0,0.08379906259897392,1.1825383185470129,7.1285620823746445,0.6162676382774971
2024-06-10,0,0.08447422735282918,1.1807508991614761,6.976930562908737,0.14967506316013737
2024-06-11,0,0.08562209163789938,1.178401745221577,7.015227075897901,0.0033642034767506863
2024-06-12,0,0.08519242410784042,1.176133661323667,6.944460877878321,-0.20327169886654362
2024-06-13,0,0.08584995427540029,1.174112099996036,6.860783571063284,0.24807016830967527
2024-06-14,0,0.08633439220444152,1.1709480838726494,6.877715040742648,0.4708128925668383
2024-06-17,0,0.08930732799669722,1.16783764831946,6.786028612416888,0.2539782678203396
2024-06-18,0,0.08948474325874663,1.164715188033368,6.476607013073438,-0.24287211974011827
2024-06-20,0,0.08539041652485149,1.1612255601324986,6.384964292340624,0.03486439756028367
2024-06-21,0,0.08117912289693086,1.1564204188797644,6.54154334457007,-0.4497924458846632
2024-06-24,0,0.08105630689272508,1.1515432210305194,6.583091493851278,-0.2630741289815215
2024-06-25,0,0.07983864116538023,1.1446880837750602,7.061855718922559,-0.6870899681573426
2024-06-26,0,0.08091138359226208,1.1425452165976488,6.785472411739316,-0.24514509801074022
2024-06-27,0,0.08498034899010726,1.1404558186463154,6.806267812834183,0.7264189646962246
2024-06-28,0,0.0849758501981843,1.1385131327431548,6.919023668058245,0.7417707205942989
2024-07-01,0,0.09007389674481373,1.1371954609415824,6.86482305394698,0.7680617255740091
2024-07-02,0,0.09175908140488771,1.1341358815121527,7.391260702209493,0.6648344040674118
2024-07-03,0,0.09069863417111568,1.1353994572958643,7.234593723023794,0.30329044497041907
2024-07-05,0,0.08619428918252593,1.1381310396200077,7.282077755458517,0.5142231564898717
2024-07-08,0,0.09795304794800612,1.1375870250407005,7.439391880447952,0.9475087157204679
2024-07-09,1,0.1034224650338548,1.1347808528660677,7.4096183000623235,0.5218413796704541
2024-07-10,1,0.11558956756082461,1.135798448904782,7.443113891210982,0.608002334521142
2024-07-11,1,0.11916248052638345,1.1374405996034094,7.205244503807309,0.12164497949775475
2024-07-12,1,0.12449770182974014,1.1452166184909274,7.132539215960636,0.5284258007300232
2024-07-15,1,0.14442001540504718,1.152515656396026,7.02653187389736,0.4072046186689933
2024-07-16,1,0.1241486961581485,1.1589166473322308,6.731063523006663,0.11819704200038428
2024-07-17,1,0.10532320019138264,1.1762535242831234,6.724494740328408,0.5001609504433638
2024-07-18,0,0.0989966829300197,1.182044217308458,6.590640104184575,-0.33023076633163856
2024-07-19,0,0.10022059140194603,1.1804887176099852,6.5976334459247346,-0.220274802620606
2024-07-22,0,0.10511440545442836,1.181133795784083,6.56753615328647,-0.035602033566626175
2024-07-23,1,0.12238064760036074,1.1835990651524395,6.509446294018293,0.5474995667339281
2024-07-24,1,0.1227023086104034,1.184864314573203,6.588436890822308,1.0573173355703582
2024-07-25,1,0.09717756078452035,1.1936772661351662,6.708062962087433,1.2089552004118516
2024-07-26,1,0.10890114501255428,1.201774085269165,6.987821313299742,1.0339963209412977
2024-07-29,1,0.11011378800364936,1.1900851768377196,6.787050322930245,0.8720724839584746
2024-07-30,1,0.10786038772494627,1.1744252463038207,7.068409707151988,0.9352176070291713
2024-07-31,1,0.10890058724044174,1.1616055000370962,6.911849462975565,0.4705734092534938
2024-08-01,1,0.11193187106856262,1.1474406819917047,6.745441948136567,0.26750600645833866
2024-08-02,1,0.10676690569427037,1.119431274354679,7.785538007348818,2.6791178036373835
2024-08-05,1,0.11068758796936196,1.0545796530045437,15.912367764582147,3.7631346088873214
2024-08-06,0,0.09374339169406601,0.9629726153497318,40.97970731344922,3.7685865280970003
2024-08-07,0,0.06341377986350465,0.8650803753818447,42.06610068140454,3.4044668968294483
2024-08-08,0,0.07541808855970787,0.7571138067964862,57.47332301123864,3.433756090962157
2024-08-09,0,0.09894136168832801,0.6832218820783642,51.48521615993028,3.2517935456892006
2024-08-12,0,0.09568067054726684,0.6174842980104205,37.20455444293529,3.1197422506774064
2024-08-13,0,0.09263108820781818,0.5548321284519627,42.509777679019926,2.90336090861434
2024-08-14,0,0.08763484784846777,0.5045038675280753,25.751397741233735,2.5169180403200877
2024-08-15,0,0.09141448086265988,0.4580131484165349,22.15472528749728,2.5532661403638386
2024-08-16,0,0.09746133451225,0.42005797845021825,19.854625290080023,2.3783031452338923
2024-08-19,0,0.09256618909635489,0.38774126862304525,17.27305792899954,2.0870916350183717
2024-08-20,0,0.0962350144373036,0.35349399243588714,15.362488467584905,1.9805788134116262
2024-08-21,0,0.08063197769201375,0.3262318528476488,10.795700084727796,1.019393950636421
2024-08-22,0,0.10226105251320852,0.30305125707779834,10.448637006195662,0.6903941972940345
2024-08-23,0,0.09445664575020002,0.283042782972419,9.350381337625704,0.8573004952161111
2024-08-26,0,0.09988603140593907,0.25082498338821746,9.330300178836854,1.1150848998148675
2024-08-27,0,0.0965807189916143,0.21975975652682575,10.250418828210652,1.7575079781811014
2024-08-28,0,0.09681159118545787,0.18734441097332424,8.91265380762459,1.4279238455712273
2024-08-29,0,0.09203499863437001,0.15944373710679427,8.199490341061837,1.0363755010505784
2024-08-30,0,0.10677761278647113,0.13344001556440854,7.929676818072682,1.4199820521680626
2024-09-03,0,0.10083632626829574,0.11414883799965389,6.931578151055727,1.2857354305734223
2024-09-04,0,0.09042421089398162,0.09621269091616894,6.326140086230886,0.5182647864215013
2024-09-05,0,0.09416555793416206,0.08833853255473056,6.527316074977834,0.0692079577505247
2024-09-06,0,0.08851542010264427,0.08865625719121256,6.278776285935149,-0.22277989574201504
2024-09-09,0,0.08072949530796125,0.09068951047217805,6.455734987602995,-0.3448507197354504
2024-09-10,0,0.0950619848070009,0.08473842663581549,6.29495995557042,0.4130442601653576
2024-09-11,0,0.07148979988898856,0.09561510164526038,6.051228994247032,-0.9958694052942881
2024-09-12,0,0.06692653381134829,0.10775203992129728,6.412796018235125,-1.3171808549380157
2024-09-13,0,0.06911839561748163,0.11373072465839978,6.18437598484864,-0.792312160397876
2024-09-16,0,0.07282140115842968,0.11915977682730716,6.4268930875935935,-0.858474867269987
2024-09-17,0,0.07470467753227458,0.12147045787365862,6.1503210576081075,-0.34525675348551027
2024-09-18,0,0.07679785483701218,0.12019162144909279,6.189242828012357,0.12330317855238766
2024-09-19,0,0.0767486376571117,0.11905936240313417,6.286375382071854,0.235979786049161
2024-09-20,0,0.07952086506266762,0.11626500176415361,6.3320274104271785,0.6990685866747108
2024-09-23,0,0.08032869318250443,0.11486784488483462,6.268500656023316,0.39261157976952893
2024-09-24,0,0.08149653682452979,0.1103608180738372,6.326446355613931,1.0720581476220588
2024-09-25,0,0.08833490381908829,0.10594347095310395,6.196036150869396,0.9496717585800604
2024-09-26,0,0.08934262823623834,0.10255623865272974,5.670054929639421,0.2406753594394614
2024-09-27,0,0.09409758871532853,0.10028891414568694,5.640879360545389,-0.4078482894193504
2024-09-30,0,0.10705311476460125,0.09468722506553878,5.27993544115023,0.5792074513794442
2024-10-01,0,0.10941631089213553,0.08723240526724492,5.046178885463364,1.0334110860396835
2024-10-02,0,0.09629653184404786,0.07797549176536218,5.230748285470216,1.9554153196992992
2024-10-03,0,0.08955120980130632,0.07077411500433392,5.886057683051189,2.46819591244292
2024-10-04,0,0.08083960871103557,0.06729453001375314,6.666655440128103,2.76120502800423
2024-10-07,0,0.07350967666269502,0.06372583081545066,8.933783472230457,3.3932708470524564
2024-10-08,0,0.06601652514934155,0.061787499366288426,10.476561160298086,3.3755866333333286
2024-10-09,0,0.08429078379273032,0.056953505629732386,7.643382523857163,2.270015024421841
2024-10-10,0,0.08121476004674241,0.053219816769432285,7.752284604760331,2.2073862992788262
2024-10-11,0,0.07880350656269258,0.048873916361034206,8.378554994060213,2.4467623050740848
2024-10-14,0,0.07728858766446457,0.044090442976701935,8.811876907561295,2.5057878501537725
2024-10-15,0,0.08138298482008499,0.038710084308231654,9.422408715141803,2.566815690761703
2024-10-16,0,0.096966155648262,0.02825206001337678,7.238515883766696,1.5017863465728554
2024-10-17,0,0.09075021047881413,0.016668881133593855,7.952744164566018,1.562941872862052
2024-10-18,0,0.07587959923980722,0.015082679071225728,7.888365968715641,1.4385983403008982
2024-10-21,0,0.0763019980820372,0.00875734934070195,7.962243520777885,1.32901292335861
2024-10-22,0,0.07699468339178822,0.006972811450754547,8.200578446333559,1.3300039720432202
2024-10-23,0,0.07522174291019577,0.008219326364780732,8.532441207493203,1.4766349895847217
2024-10-24,0,0.07833274709268162,0.009190559695424799,8.504219501854005,1.334020763088372
2024-10-25,0,0.07795320550790322,0.010575050087023558,8.471852309661521,1.1272427835540801
2024-10-28,0,0.07686123250328174,0.011825720837162,8.512149236850902,1.0825963933090317
2024-10-29,0,0.08552113653970324,0.014287208736045942,8.4576789350121,0.9078909453306168
2024-10-30,0,0.08919359091594331,0.01624520276519669,8.392641258545224,0.46497706073420053
2024-10-31,0,0.08628275552161285,0.013402358817639709,8.317516645902364,0.30227806751491565
2024-11-01,0,0.08734518598992849,0.011966020526979898,8.305814324361956,0.3213769299320424
2024-11-04,0,0.08954762393705148,0.010700221087301412,8.144845226975836,-0.1909660426393419
2024-11-05,0,0.08916211963304446,0.010880859540203083,7.942509672744346,0.8033325417598767
2024-11-06,0,0.09908699179204652,0.008780256420771945,8.074808421058101,0.8972386238328168
2024-11-07,0,0.07859697910919762,0.01667523323509329,8.5225175713096,1.407475267290759
2024-11-08,0,0.07994501695186121,0.01803176510130114,8.88327438928478,1.4352126515686958
2024-11-11,0,0.06897420047599433,0.023298484116231505,9.191526441018949,1.3965204354158458
2024-11-12,0,0.06781992919013524,0.029311501226300052,9.348995102674893,1.2032886939400091
2024-11-13,0,0.07037724830645266,0.038000289456753156,9.335962759459767,1.1505902602669589
2024-11-14,0,0.05694895595065304,0.05568422885772864,9.884477145880698,1.3486255044946425
2024-11-15,0,0.05166577842513634,0.07759825436067092,10.611483631963749,1.23805704144397
2024-11-18,0,0.0581261012311447,0.0929263642279175,10.129754258883212,0.8572181114202023
2024-11-19,0,0.05206993539669005,0.11085523732883656,10.647214847322333,1.0247408379851561
2024-11-20,0,0.05707922379069946,0.12313080871885013,11.233094579784346,0.5691668456506881
2024-11-21,0,0.04583994908967288,0.13743563377175005,11.535479897600306,0.9015192655121472
2024-11-22,0,0.03948683703035111,0.15751645368748457,11.712527321495566,1.2272845275627162
2024-11-25,0,0.037339931017459506,0.1762130613062552,12.039577348588853,1.0784129406473493
2024-11-26,0,0.047738630270595925,0.1858050714986006,11.72871737041802,0.6496729715741721
2024-11-27,0,0.055479183408375,0.1890101707770258,10.550083184074929,-0.004494656465755727
2024-11-29,0,0.059682243699026596,0.19226414450526158,10.499779085020585,-0.08873123081487512
2024-12-02,0,0.0626134724148722,0.19661859461456738,9.963635235171953,-0.02514137932647082
2024-12-03,0,0.0667161378934588,0.2005148252302632,9.374631200786652,-0.09666565822925699
2024-12-04,0,0.07438788561368573,0.20122872778449136,8.776420722626085,-0.14920439931539814
2024-12-05,0,0.08803861541739519,0.1956743203001661,8.04697586147821,-0.9011748418315004
2024-12-06,0,0.08401356193705752,0.1896559735053944,7.192756522295535,-0.8295000892271163
2024-12-09,0,0.07392712587820302,0.1864659782170277,7.303842692074811,-0.9931346898719544
2024-12-10,0,0.08250335605691125,0.18083344818176633,8.036551510747262,-1.313303703411367
2024-12-11,0,0.06932792656815748,0.17901804210423877,7.592380319463198,-1.3918826806884976
2024-12-12,0,0.06802580960992242,0.1757772176364455,9.031632813959117,-1.5937549096151098
2024-12-13,0,0.06747798957205674,0.17675419205138032,9.205623811036192,-1.5446023579027508
2024-12-16,0,0.06446250619440518,0.17668933552443386,9.91224151425392,-1.7857999576045565
2024-12-17,0,0.05837515298216313,0.17948207096784125,11.555079426904344,-2.2252801067631935
2024-12-18,0,0.05861553652504352,0.18408568858681862,12.424093384271682,-2.245601702422299
2024-12-19,0,0.05610305549347262,0.1952359530031105,14.202969889229188,-2.415666098687533
2024-12-20,0,0.05594810600351183,0.21135357304852895,15.015284824937632,-2.412152199353471
2024-12-23,0,0.05368407682019122,0.22505379948952636,16.411551792023815,-2.3336441253894247
2024-12-24,0,0.0556656838578361,0.23735088143970723,15.60378661252883,-2.155766402860229
2024-12-26,0,0.055269368105812886,0.24690168917087202,15.1649454250138,-2.1336274734341116
2024-12-27,0,0.05153855343959657,0.25641333692715,14.481337091324978,-2.0819946734837194
2024-12-30,0,0.045387653353238785,0.2644824895461272,15.330266000989955,-2.0614538542268024
